{
  "broker_order_map": {},
  "cash": -0.0003635275198149445,
  "current_date": "2023-03-31",
  "current_step": 13,
  "daily_start_value": 10822.298468775345,
  "experiment_id": "c812bff881e7581f72ded33d8c2d930a7c1abebb429e9657d90539b7daf37557",
  "halt_reason": null,
  "halted": false,
  "holdings": [
    32.81473266313785,
    18.769162040067403
  ],
  "last_broker_sync": null,
  "last_completed_step_ts": null,
  "last_mode": null,
  "last_raw_action": [
    0.5,
    0.5
  ],
  "last_turnover": 0.0003359060088409249,
  "last_weights": [
    0.5000000167953009,
    0.500000016795301
  ],
  "open_orders": [],
  "peak_portfolio_value": 10822.298832302866,
  "portfolio_value": 10822.298468775345,
  "run_id": "notebook_sim_run1",
  "submitted_order_ids": [],
  "symbols": [
    "AAPL",
    "MSFT"
  ]
}